{
  "version": 1,
  "author": "karthik singh",
  "editor": "wokwi",
  "parts": [
    {
      "type": "wokwi-arduino-uno",
      "id": "uno",
      "top": 16.2,
      "left": 1.4,
      "rotate": 90,
      "attrs": {}
    },
    { "type": "wokwi-potentiometer", "id": "pot1", "top": 142.7, "left": -153.8, "attrs": {} },
    { "type": "wokwi-dht22", "id": "dht1", "top": -114.9, "left": -139.8, "attrs": {} },
    {
      "type": "wokwi-photoresistor-sensor",
      "id": "ldr2",
      "top": 326.1,
      "left": -159.1,
      "rotate": 90,
      "attrs": {}
    },
    {
      "type": "wokwi-resistor",
      "id": "r1",
      "top": 378.35,
      "left": 0,
      "attrs": { "value": "100000" }
    },
    {
      "type": "wokwi-relay-module",
      "id": "relay1",
      "top": 323,
      "left": 300.4,
      "rotate": 90,
      "attrs": {}
    },
    { "type": "wokwi-led", "id": "led1", "top": 44.4, "left": 455, "attrs": { "color": "red" } },
    {
      "type": "wokwi-resistor",
      "id": "r2",
      "top": 416.75,
      "left": 201.6,
      "attrs": { "value": "220" }
    },
    { "type": "wokwi-servo", "id": "servo1", "top": -98, "left": 403.2, "attrs": {} },
    { "type": "wokwi-lcd1602", "id": "lcd1", "top": 176.23, "left": 640, "attrs": {} }
  ],
  "connections": [
    [ "pot1:VCC", "uno:5V", "red", [ "v-67.2", "h66.4" ] ],
    [ "pot1:SIG", "uno:A0", "green", [ "v-28.8", "h124.4" ] ],
    [ "pot1:GND", "uno:GND.2", "black", [ "v-57.6", "h96" ] ],
    [ "dht1:GND", "uno:GND.2", "black", [ "v153.6", "h19.2" ] ],
    [ "dht1:SDA", "uno:2", "green", [ "v-28.8", "h432.1", "v249.6", "h-19.2" ] ],
    [ "dht1:VCC", "uno:5V", "red", [ "v144", "h9.6" ] ],
    [ "ldr2:VCC", "uno:5V", "red", [ "v-297.6", "h28.8" ] ],
    [ "ldr2:GND", "uno:GND.3", "black", [ "v-278.4", "h115.6" ] ],
    [ "ldr2:AO", "r1:1", "green", [ "v-57.6", "h87.1" ] ],
    [ "uno:A1", "r1:1", "green", [ "h-76.7", "v186.3", "h-9.6" ] ],
    [ "r1:2", "uno:GND.3", "green", [ "v-96", "h-78", "v-124.8" ] ],
    [ "relay1:IN", "uno:7", "green", [ "v-124.8", "h0.2" ] ],
    [ "relay1:GND", "uno:GND.2", "black", [ "v-374.4", "h0.4", "v-38.4", "h-614.4", "v278.4" ] ],
    [ "relay1:VCC", "uno:5V", "red", [ "v-432", "h-643.2", "v259.2" ] ],
    [ "led1:A", "relay1:NO", "green", [ "v364.8", "h-115.2", "v28.8" ] ],
    [ "led1:C", "r2:2", "green", [ "v336", "h-18.8" ] ],
    [ "r2:1", "uno:GND.3", "green", [ "v57.6", "h-451.2", "v-316.8", "h19.2" ] ],
    [ "servo1:PWM", "uno:9", "green", [ "h-9.6", "v0.2", "h0", "v163.2", "h9.6" ] ],
    [ "servo1:GND", "uno:GND.3", "black", [ "h-441.6", "v201.6" ] ],
    [ "servo1:V+", "uno:5V", "green", [ "h-460.8", "v182.5", "h-9.6" ] ],
    [ "lcd1:VSS", "uno:GND.2", "green", [ "v163.2", "h0", "v124.8", "h-854.4", "v-441.6" ] ],
    [ "lcd1:VDD", "uno:5V", "green", [ "v374.4", "h-883.1", "v-537.6", "h9.6" ] ],
    [ "lcd1:V0", "pot1:SIG", "green", [ "v240", "h-816.3" ] ],
    [ "lcd1:RS", "uno:12", "green", [ "v-220.8", "h0.3" ] ],
    [ "lcd1:RW", "uno:GND.3", "green", [ "v182.4", "h-883.3", "v-297.6" ] ],
    [ "lcd1:E", "uno:11", "green", [ "v-172.8", "h19.2" ] ],
    [ "lcd1:D4", "uno:5", "green", [ "v-163.2", "h19.2" ] ],
    [ "lcd1:D5", "uno:4", "green", [ "v-153.6", "h9.7" ] ],
    [ "lcd1:D6", "uno:3", "green", [ "v19.2", "h-364.6", "v-124.8" ] ],
    [ "lcd1:D7", "uno:2", "green", [ "v115.2", "h0.3", "v9.6", "h-278.4", "v-201.6" ] ],
    [ "lcd1:A", "uno:5V", "green", [ "v28.8", "h-0.1", "v240", "h-969.6", "v-384" ] ],
    [ "lcd1:K", "uno:GND.3", "green", [ "v355.2", "h0", "v38.4", "h-1046.4", "v-547.2" ] ]
  ],
  "dependencies": {}
}